-- BTC testnet P2WSH multisig wallet initialization.
-- This script intentionally removes legacy multi-coin tables and historical test data.

BEGIN;

DO $$
DECLARE
  r RECORD;
BEGIN
  FOR r IN
    SELECT tablename
    FROM pg_tables
    WHERE schemaname = 'public'
  LOOP
    EXECUTE 'DROP TABLE IF EXISTS ' || quote_ident(r.tablename) || ' CASCADE';
  END LOOP;
END $$;

CREATE TABLE best_block_height (
  id            BIGINT GENERATED BY DEFAULT AS IDENTITY PRIMARY KEY,
  currency      INT NOT NULL UNIQUE,
  height        BIGINT NOT NULL DEFAULT 0,
  interval_time BIGINT NOT NULL DEFAULT 300000,
  create_date   TIMESTAMP NOT NULL DEFAULT CURRENT_TIMESTAMP,
  update_date   TIMESTAMP NOT NULL DEFAULT CURRENT_TIMESTAMP
);

CREATE TABLE currency_balance (
  id             BIGINT GENERATED BY DEFAULT AS IDENTITY PRIMARY KEY,
  currency_index INT NOT NULL UNIQUE,
  balance        DECIMAL(32,8) NOT NULL DEFAULT 0,
  create_date    TIMESTAMP NOT NULL DEFAULT CURRENT_TIMESTAMP,
  update_date    TIMESTAMP NOT NULL DEFAULT CURRENT_TIMESTAMP
);

CREATE TABLE btc_address (
  id              BIGINT GENERATED BY DEFAULT AS IDENTITY PRIMARY KEY,
  user_id         BIGINT NOT NULL,
  address         VARCHAR(128) NOT NULL,
  network         VARCHAR(32) NOT NULL DEFAULT 'testnet3',
  script_type     VARCHAR(32) NOT NULL DEFAULT 'P2WSH',
  redeem_script   TEXT NOT NULL DEFAULT '',
  witness_script  TEXT NOT NULL DEFAULT '',
  derivation_path VARCHAR(128) NOT NULL DEFAULT '',
  public_keys     TEXT NOT NULL DEFAULT '',
  balance         DECIMAL(32,8) NOT NULL DEFAULT 0,
  biz             INT NOT NULL,
  nonce           INT NOT NULL DEFAULT 0,
  index           INT NOT NULL,
  status          SMALLINT NOT NULL DEFAULT 0,
  create_date     TIMESTAMP NOT NULL DEFAULT CURRENT_TIMESTAMP,
  update_date     TIMESTAMP NOT NULL DEFAULT CURRENT_TIMESTAMP,
  UNIQUE (address),
  UNIQUE (user_id, biz, index)
);

CREATE TABLE ltc_address (
  LIKE btc_address INCLUDING DEFAULTS INCLUDING IDENTITY
);

ALTER TABLE ltc_address
  ADD PRIMARY KEY (id),
  ADD UNIQUE (address),
  ADD UNIQUE (user_id, biz, index);

CREATE TABLE doge_address (
  LIKE btc_address INCLUDING DEFAULTS INCLUDING IDENTITY
);

ALTER TABLE doge_address
  ADD PRIMARY KEY (id),
  ADD UNIQUE (address),
  ADD UNIQUE (user_id, biz, index);

CREATE TABLE btc_withdraw_record (
  id          BIGINT GENERATED BY DEFAULT AS IDENTITY PRIMARY KEY,
  tx_id       VARCHAR(128) NOT NULL DEFAULT 'waiting',
  address     VARCHAR(128) NOT NULL,
  user_id     BIGINT NOT NULL,
  balance     DECIMAL(32,8) NOT NULL,
  fee         DECIMAL(32,8) NOT NULL DEFAULT 0,
  currency    INT NOT NULL,
  biz         INT NOT NULL,
  withdraw_id VARCHAR(128) NOT NULL,
  status      SMALLINT NOT NULL DEFAULT 0,
  create_date TIMESTAMP NOT NULL DEFAULT CURRENT_TIMESTAMP,
  update_date TIMESTAMP NOT NULL DEFAULT CURRENT_TIMESTAMP,
  UNIQUE (withdraw_id)
);

CREATE INDEX idx_btc_withdraw_record_tx_id
  ON btc_withdraw_record (tx_id);
CREATE INDEX idx_btc_withdraw_record_status
  ON btc_withdraw_record (status);

CREATE TABLE ltc_withdraw_record (
  LIKE btc_withdraw_record INCLUDING DEFAULTS INCLUDING IDENTITY
);

ALTER TABLE ltc_withdraw_record
  ADD PRIMARY KEY (id),
  ADD UNIQUE (withdraw_id);

CREATE INDEX idx_ltc_withdraw_record_tx_id
  ON ltc_withdraw_record (tx_id);
CREATE INDEX idx_ltc_withdraw_record_status
  ON ltc_withdraw_record (status);

CREATE TABLE doge_withdraw_record (
  LIKE btc_withdraw_record INCLUDING DEFAULTS INCLUDING IDENTITY
);

ALTER TABLE doge_withdraw_record
  ADD PRIMARY KEY (id),
  ADD UNIQUE (withdraw_id);

CREATE INDEX idx_doge_withdraw_record_tx_id
  ON doge_withdraw_record (tx_id);
CREATE INDEX idx_doge_withdraw_record_status
  ON doge_withdraw_record (status);

CREATE TABLE bch_address (LIKE btc_address INCLUDING DEFAULTS INCLUDING IDENTITY);
ALTER TABLE bch_address ADD PRIMARY KEY(id), ADD UNIQUE(address), ADD UNIQUE(user_id,biz,index);
CREATE TABLE bch_withdraw_record (LIKE btc_withdraw_record INCLUDING DEFAULTS INCLUDING IDENTITY);
ALTER TABLE bch_withdraw_record ADD PRIMARY KEY(id), ADD UNIQUE(withdraw_id);

CREATE TABLE user_asset (
  id          BIGINT GENERATED BY DEFAULT AS IDENTITY PRIMARY KEY,
  user_id     BIGINT NOT NULL,
  currency    INT NOT NULL,
  balance     DECIMAL(32,8) NOT NULL DEFAULT 0,
  frozen      DECIMAL(32,8) NOT NULL DEFAULT 0,
  version     INT NOT NULL DEFAULT 0,
  create_date TIMESTAMP NOT NULL DEFAULT CURRENT_TIMESTAMP,
  update_date TIMESTAMP NOT NULL DEFAULT CURRENT_TIMESTAMP,
  UNIQUE (user_id, currency)
);

CREATE TABLE system_param (
  id          BIGINT GENERATED BY DEFAULT AS IDENTITY PRIMARY KEY,
  param_key   VARCHAR(128) NOT NULL UNIQUE,
  param_value TEXT NOT NULL,
  remark      VARCHAR(255) NOT NULL DEFAULT '',
  create_date TIMESTAMP NOT NULL DEFAULT CURRENT_TIMESTAMP,
  update_date TIMESTAMP NOT NULL DEFAULT CURRENT_TIMESTAMP
);

CREATE TABLE wallet_multisig_config (
  id                  BIGINT GENERATED BY DEFAULT AS IDENTITY PRIMARY KEY,
  currency            INT NOT NULL,
  network             VARCHAR(32) NOT NULL,
  script_type         VARCHAR(32) NOT NULL,
  required_signatures INT NOT NULL,
  total_pubkeys       INT NOT NULL,
  pub_key_1           TEXT NOT NULL,
  pub_key_2           TEXT NOT NULL,
  pub_key_3           TEXT NOT NULL,
  derivation_template VARCHAR(128) NOT NULL,
  create_date         TIMESTAMP NOT NULL DEFAULT CURRENT_TIMESTAMP,
  update_date         TIMESTAMP NOT NULL DEFAULT CURRENT_TIMESTAMP,
  UNIQUE (currency, network, script_type)
);

CREATE TABLE chain_asset (
  id               BIGSERIAL PRIMARY KEY,
  chain            VARCHAR(32) NOT NULL,
  symbol           VARCHAR(32) NOT NULL,
  asset_kind       VARCHAR(32) NOT NULL,
  contract_address VARCHAR(128),
  decimals         INTEGER NOT NULL DEFAULT 18,
  native_asset     BOOLEAN NOT NULL DEFAULT FALSE,
  active           BOOLEAN NOT NULL DEFAULT TRUE,
  min_transfer     NUMERIC(78,0),
  min_withdraw     NUMERIC(78,0),
  created_at       TIMESTAMPTZ NOT NULL DEFAULT NOW(),
  updated_at       TIMESTAMPTZ NOT NULL DEFAULT NOW(),
  UNIQUE (chain, symbol)
);

CREATE TABLE chain_profile (
  id                       BIGSERIAL PRIMARY KEY,
  chain                    VARCHAR(32) NOT NULL,
  network                  VARCHAR(32) NOT NULL,
  family                   VARCHAR(32) NOT NULL,
  runtime_currency_id      INTEGER NOT NULL,
  bip44_coin_type          INTEGER NOT NULL,
  native_symbol            VARCHAR(32) NOT NULL,
  rpc_url                  VARCHAR(512),
  explorer_url             VARCHAR(512),
  deposit_confirmations    INTEGER NOT NULL DEFAULT 1,
  withdraw_confirmations   INTEGER NOT NULL DEFAULT 1,
  default_fee_rate         BIGINT,
  dust_threshold           BIGINT,
  enabled                  BOOLEAN NOT NULL DEFAULT TRUE,
  created_at               TIMESTAMPTZ NOT NULL DEFAULT NOW(),
  updated_at               TIMESTAMPTZ NOT NULL DEFAULT NOW(),
  UNIQUE (chain, network),
  UNIQUE (runtime_currency_id, network)
);

CREATE TABLE chain_scan_height (
  id           BIGSERIAL PRIMARY KEY,
  chain        VARCHAR(32) NOT NULL,
  scanner_name VARCHAR(64) NOT NULL,
  best_height  BIGINT NOT NULL DEFAULT 0,
  safe_height  BIGINT NOT NULL DEFAULT 0,
  status       VARCHAR(32) NOT NULL DEFAULT 'ACTIVE',
  created_at   TIMESTAMPTZ NOT NULL DEFAULT NOW(),
  updated_at   TIMESTAMPTZ NOT NULL DEFAULT NOW(),
  UNIQUE (chain, scanner_name)
);

CREATE TABLE hot_wallet_address (
  id            BIGSERIAL PRIMARY KEY,
  chain         VARCHAR(32) NOT NULL,
  asset_symbol  VARCHAR(32) NOT NULL,
  address       VARCHAR(160) NOT NULL,
  address_index BIGINT NOT NULL DEFAULT 0,
  wallet_role   VARCHAR(32) NOT NULL DEFAULT 'HOT_WITHDRAW',
  enabled       BOOLEAN NOT NULL DEFAULT TRUE,
  kms_key_ref   VARCHAR(256),
  created_at    TIMESTAMPTZ NOT NULL DEFAULT NOW(),
  updated_at    TIMESTAMPTZ NOT NULL DEFAULT NOW(),
  UNIQUE (chain, asset_symbol, wallet_role)
);

CREATE TABLE deposit_record (
  id               BIGSERIAL PRIMARY KEY,
  chain            VARCHAR(32) NOT NULL,
  asset_symbol     VARCHAR(32) NOT NULL,
  tx_hash          VARCHAR(128) NOT NULL,
  log_index        BIGINT NOT NULL DEFAULT 0,
  from_address     VARCHAR(160),
  to_address       VARCHAR(160) NOT NULL,
  contract_address VARCHAR(128),
  amount           NUMERIC(78,18) NOT NULL,
  block_height     BIGINT NOT NULL,
  confirmations    INTEGER NOT NULL DEFAULT 0,
  status           VARCHAR(32) NOT NULL DEFAULT 'DETECTED',
  credited         BOOLEAN NOT NULL DEFAULT FALSE,
  credited_at      TIMESTAMPTZ,
  raw_payload      TEXT,
  created_at       TIMESTAMPTZ NOT NULL DEFAULT NOW(),
  updated_at       TIMESTAMPTZ NOT NULL DEFAULT NOW(),
  UNIQUE (chain, tx_hash, log_index)
);

CREATE TABLE withdrawal_order (
  id            BIGSERIAL PRIMARY KEY,
  order_no      VARCHAR(96) NOT NULL,
  user_id       BIGINT NOT NULL,
  chain         VARCHAR(32) NOT NULL,
  asset_symbol  VARCHAR(32) NOT NULL,
  from_address  VARCHAR(160),
  to_address    VARCHAR(160) NOT NULL,
  amount        NUMERIC(78,18) NOT NULL,
  fee           NUMERIC(78,18) NOT NULL DEFAULT 0,
  tx_hash       VARCHAR(128),
  status        VARCHAR(32) NOT NULL DEFAULT 'CREATED',
  error_message TEXT,
  created_at    TIMESTAMPTZ NOT NULL DEFAULT NOW(),
  updated_at    TIMESTAMPTZ NOT NULL DEFAULT NOW(),
  UNIQUE (chain, order_no)
);

CREATE TABLE collection_record (
  id             BIGSERIAL PRIMARY KEY,
  collection_no  VARCHAR(96) NOT NULL,
  chain          VARCHAR(32) NOT NULL,
  asset_symbol   VARCHAR(32) NOT NULL,
  from_address   VARCHAR(160) NOT NULL,
  to_address     VARCHAR(160) NOT NULL,
  amount         NUMERIC(78,18) NOT NULL DEFAULT 0,
  fee            NUMERIC(78,18) NOT NULL DEFAULT 0,
  tx_hash        VARCHAR(128),
  status         VARCHAR(32) NOT NULL DEFAULT 'CREATED',
  error_message  TEXT,
  raw_payload    TEXT,
  created_at     TIMESTAMPTZ NOT NULL DEFAULT NOW(),
  updated_at     TIMESTAMPTZ NOT NULL DEFAULT NOW(),
  UNIQUE (chain, collection_no),
  UNIQUE (chain, asset_symbol, from_address, to_address, tx_hash)
);

CREATE TABLE chain_signing_transaction (
  id             INTEGER GENERATED BY DEFAULT AS IDENTITY PRIMARY KEY,
  chain          VARCHAR(32) NOT NULL,
  asset_symbol   VARCHAR(32) NOT NULL,
  business_type  VARCHAR(32) NOT NULL,
  business_no    VARCHAR(512) NOT NULL,
  tx_id          VARCHAR(128) NOT NULL DEFAULT '',
  balance        NUMERIC(78,18) NOT NULL DEFAULT 0,
  signature      TEXT,
  currency       INTEGER NOT NULL,
  status         SMALLINT NOT NULL,
  error_message  TEXT,
  create_date    TIMESTAMPTZ NOT NULL DEFAULT NOW(),
  update_date    TIMESTAMPTZ NOT NULL DEFAULT NOW(),
  UNIQUE (chain, business_type, business_no)
);

CREATE INDEX idx_chain_signing_transaction_tx_id
  ON chain_signing_transaction(chain, tx_id);
CREATE INDEX idx_chain_signing_transaction_status
  ON chain_signing_transaction(chain, status, update_date);

CREATE TABLE ledger_balance (
  id                BIGSERIAL PRIMARY KEY,
  chain             VARCHAR(32) NOT NULL,
  asset_symbol      VARCHAR(32) NOT NULL,
  account_id        VARCHAR(128) NOT NULL,
  available_balance NUMERIC(78,18) NOT NULL DEFAULT 0,
  locked_balance    NUMERIC(78,18) NOT NULL DEFAULT 0,
  total_balance     NUMERIC(78,18) NOT NULL DEFAULT 0,
  created_at        TIMESTAMPTZ NOT NULL DEFAULT NOW(),
  updated_at        TIMESTAMPTZ NOT NULL DEFAULT NOW(),
  UNIQUE (chain, asset_symbol, account_id)
);

CREATE TABLE utxo_record (
  id            BIGSERIAL PRIMARY KEY,
  chain         VARCHAR(32) NOT NULL,
  asset_symbol  VARCHAR(32) NOT NULL,
  tx_hash       VARCHAR(128) NOT NULL,
  vout          INTEGER NOT NULL,
  address       VARCHAR(160) NOT NULL,
  amount        NUMERIC(78,18) NOT NULL,
  block_height  BIGINT NOT NULL,
  confirmations INTEGER NOT NULL DEFAULT 0,
  state         VARCHAR(32) NOT NULL DEFAULT 'AVAILABLE',
  lock_ref      VARCHAR(128),
  spent_tx_hash VARCHAR(128),
  credited      BOOLEAN NOT NULL DEFAULT FALSE,
  created_at    TIMESTAMPTZ NOT NULL DEFAULT NOW(),
  updated_at    TIMESTAMPTZ NOT NULL DEFAULT NOW(),
  UNIQUE (chain, tx_hash, vout)
);

CREATE INDEX idx_utxo_record_spendable
  ON utxo_record(chain, asset_symbol, state, confirmations);
CREATE INDEX idx_utxo_record_address
  ON utxo_record(chain, address);

INSERT INTO best_block_height (id, currency, height, interval_time)
VALUES (1, 1, 0, 300000);

INSERT INTO best_block_height (id, currency, height, interval_time)
VALUES (2, 24, 0, 300000);

INSERT INTO best_block_height (id, currency, height, interval_time)
VALUES (3, 41, 0, 60000);
INSERT INTO best_block_height (id, currency, height, interval_time)
VALUES (4, 42, 0, 600000);

INSERT INTO currency_balance (id, currency_index, balance)
VALUES (1, 1, 0);

INSERT INTO currency_balance (id, currency_index, balance)
VALUES (2, 24, 0);

INSERT INTO currency_balance (id, currency_index, balance)
VALUES (3, 41, 0);
INSERT INTO currency_balance (id, currency_index, balance)
VALUES (4, 42, 0);

INSERT INTO chain_asset(
  chain, symbol, asset_kind, decimals, native_asset, active, min_transfer, min_withdraw
) VALUES (
  'BTC', 'BTC', 'NATIVE', 8, TRUE, TRUE, 546, 546
);

INSERT INTO chain_asset(
  chain, symbol, asset_kind, decimals, native_asset, active, min_transfer, min_withdraw
) VALUES (
  'LTC', 'LTC', 'NATIVE', 8, TRUE, TRUE, 100000, 100000
);

INSERT INTO chain_asset(
  chain, symbol, asset_kind, decimals, native_asset, active, min_transfer, min_withdraw
) VALUES (
  'DOGE', 'DOGE', 'NATIVE', 8, TRUE, TRUE, 1000000, 1000000
);
INSERT INTO chain_asset(chain,symbol,asset_kind,decimals,native_asset,active,min_transfer,min_withdraw)
VALUES('BCH','BCH','NATIVE',8,TRUE,TRUE,546,546);

INSERT INTO chain_profile(
  chain, network, family, runtime_currency_id, bip44_coin_type, native_symbol,
  explorer_url, deposit_confirmations, withdraw_confirmations,
  default_fee_rate, dust_threshold, enabled
) VALUES (
  'BTC', 'testnet3', 'bitcoin-like', 1, 0, 'BTC',
  'https://mempool.space/testnet/tx/', 1, 6, 2, 546, TRUE
);

INSERT INTO chain_profile(
  chain, network, family, runtime_currency_id, bip44_coin_type, native_symbol,
  explorer_url, deposit_confirmations, withdraw_confirmations,
  default_fee_rate, dust_threshold, enabled
) VALUES (
  'BTC', 'mainnet', 'bitcoin-like', 1, 0, 'BTC',
  'https://mempool.space/tx/', 1, 6, 2, 546, TRUE
);

INSERT INTO chain_profile(
  chain, network, family, runtime_currency_id, bip44_coin_type, native_symbol,
  explorer_url, deposit_confirmations, withdraw_confirmations,
  default_fee_rate, dust_threshold, enabled
) VALUES (
  'LTC', 'testnet', 'bitcoin-like', 24, 2, 'LTC',
  'https://litecoinspace.org/testnet/tx/', 1, 6, 2, 1000, TRUE
);

INSERT INTO chain_profile(
  chain, network, family, runtime_currency_id, bip44_coin_type, native_symbol,
  explorer_url, deposit_confirmations, withdraw_confirmations,
  default_fee_rate, dust_threshold, enabled
) VALUES (
  'LTC', 'mainnet', 'bitcoin-like', 24, 2, 'LTC',
  'https://litecoinspace.org/tx/', 1, 6, 2, 1000, TRUE
);

INSERT INTO chain_profile(
  chain, network, family, runtime_currency_id, bip44_coin_type, native_symbol,
  explorer_url, deposit_confirmations, withdraw_confirmations,
  default_fee_rate, dust_threshold, enabled
) VALUES (
  'DOGE', 'testnet', 'bitcoin-like', 41, 3, 'DOGE',
  'https://doge-testnet-explorer.qed.me/tx/', 6, 12, 1000, 1000000, TRUE
);

INSERT INTO chain_profile(
  chain, network, family, runtime_currency_id, bip44_coin_type, native_symbol,
  rpc_url, explorer_url, deposit_confirmations, withdraw_confirmations,
  default_fee_rate, dust_threshold, enabled
) VALUES (
  'DOGE', 'regtest', 'bitcoin-like', 41, 3, 'DOGE',
  'http://127.0.0.1:22555', NULL, 6, 6, 1000, 1000000, TRUE
);

INSERT INTO chain_profile(
  chain, network, family, runtime_currency_id, bip44_coin_type, native_symbol,
  explorer_url, deposit_confirmations, withdraw_confirmations,
  default_fee_rate, dust_threshold, enabled
) VALUES (
  'DOGE', 'mainnet', 'bitcoin-like', 41, 3, 'DOGE',
  'https://dogechain.info/tx/', 6, 12, 1000, 1000000, TRUE
);
INSERT INTO chain_profile(chain,network,family,runtime_currency_id,bip44_coin_type,native_symbol,explorer_url,deposit_confirmations,withdraw_confirmations,default_fee_rate,dust_threshold,enabled)
VALUES
('BCH','testnet','bitcoin-like',42,145,'BCH','https://tbch.loping.net/tx/',1,6,1,546,TRUE),
('BCH','mainnet','bitcoin-like',42,145,'BCH','https://blockchair.com/bitcoin-cash/transaction/',1,6,1,546,TRUE);
INSERT INTO chain_profile(
  chain, network, family, runtime_currency_id, bip44_coin_type, native_symbol,
  rpc_url, explorer_url, deposit_confirmations, withdraw_confirmations,
  default_fee_rate, dust_threshold, enabled
) VALUES (
  'BCH', 'regtest', 'bitcoin-like', 42, 145, 'BCH',
  'http://127.0.0.1:18443', NULL, 6, 6, 1, 546, TRUE
)
ON CONFLICT (chain, network) DO UPDATE SET
  runtime_currency_id = EXCLUDED.runtime_currency_id,
  bip44_coin_type = EXCLUDED.bip44_coin_type,
  rpc_url = EXCLUDED.rpc_url,
  deposit_confirmations = EXCLUDED.deposit_confirmations,
  withdraw_confirmations = EXCLUDED.withdraw_confirmations,
  default_fee_rate = EXCLUDED.default_fee_rate,
  dust_threshold = EXCLUDED.dust_threshold,
  enabled = EXCLUDED.enabled,
  updated_at = NOW();

INSERT INTO wallet_multisig_config (
  id, currency, network, script_type, required_signatures, total_pubkeys,
  pub_key_1, pub_key_2, pub_key_3, derivation_template
) VALUES (
  1,
  1,
  'testnet3',
  'P2WSH',
  2,
  3,
  'tpubD6NzVbkrYhZ4YeTnP6ae6en8YvKSvxvvCwh5X7gNpwqEeix6o7etGgsyGywcB9gS1bGTmC4WfLKAdK6vxDEzedd7PMRLcYk5yZLj5JkLAVB',
  'tpubD6NzVbkrYhZ4WuN2bmdffo5p894oRYGQVCfKe3TKT4QVw7qQT18jG1FYbYyB3ePESejLdfaEFMRpsYGVjb4Bh6HiiWaSU8iJRVE46EirNBT',
  'tpubD6NzVbkrYhZ4XKeuSHwv2p3snJxWjacFsu2rEEht2qMaM5FYV2RkbMaJEYNZGK7B3i8D46RTs83DJNPh2Jd5MzXivXCiHLbqAFKv8MKxrC4',
  'm/44/{currency}/{biz}/{userId}/{index}'
);

INSERT INTO wallet_multisig_config (
  id, currency, network, script_type, required_signatures, total_pubkeys,
  pub_key_1, pub_key_2, pub_key_3, derivation_template
) VALUES (
  2,
  24,
  'litecoin-testnet',
  'P2WSH',
  2,
  3,
  'tpubD6NzVbkrYhZ4YeTnP6ae6en8YvKSvxvvCwh5X7gNpwqEeix6o7etGgsyGywcB9gS1bGTmC4WfLKAdK6vxDEzedd7PMRLcYk5yZLj5JkLAVB',
  'tpubD6NzVbkrYhZ4WuN2bmdffo5p894oRYGQVCfKe3TKT4QVw7qQT18jG1FYbYyB3ePESejLdfaEFMRpsYGVjb4Bh6HiiWaSU8iJRVE46EirNBT',
  'tpubD6NzVbkrYhZ4XKeuSHwv2p3snJxWjacFsu2rEEht2qMaM5FYV2RkbMaJEYNZGK7B3i8D46RTs83DJNPh2Jd5MzXivXCiHLbqAFKv8MKxrC4',
  'm/44/{coinType}/{biz}/{userId}/{index}'
);
INSERT INTO wallet_multisig_config(id,currency,network,script_type,required_signatures,total_pubkeys,pub_key_1,pub_key_2,pub_key_3,derivation_template)
VALUES(4,42,'bitcoin-cash-testnet','P2SH',2,3,
'tpubD6NzVbkrYhZ4YeTnP6ae6en8YvKSvxvvCwh5X7gNpwqEeix6o7etGgsyGywcB9gS1bGTmC4WfLKAdK6vxDEzedd7PMRLcYk5yZLj5JkLAVB',
'tpubD6NzVbkrYhZ4WuN2bmdffo5p894oRYGQVCfKe3TKT4QVw7qQT18jG1FYbYyB3ePESejLdfaEFMRpsYGVjb4Bh6HiiWaSU8iJRVE46EirNBT',
'tpubD6NzVbkrYhZ4XKeuSHwv2p3snJxWjacFsu2rEEht2qMaM5FYV2RkbMaJEYNZGK7B3i8D46RTs83DJNPh2Jd5MzXivXCiHLbqAFKv8MKxrC4',
'm/44/{coinType}/{biz}/{userId}/{index}');

INSERT INTO wallet_multisig_config (
  id, currency, network, script_type, required_signatures, total_pubkeys,
  pub_key_1, pub_key_2, pub_key_3, derivation_template
) VALUES (
  3,
  41,
  'dogecoin-testnet',
  'P2SH',
  2,
  3,
  'tpubD6NzVbkrYhZ4YeTnP6ae6en8YvKSvxvvCwh5X7gNpwqEeix6o7etGgsyGywcB9gS1bGTmC4WfLKAdK6vxDEzedd7PMRLcYk5yZLj5JkLAVB',
  'tpubD6NzVbkrYhZ4WuN2bmdffo5p894oRYGQVCfKe3TKT4QVw7qQT18jG1FYbYyB3ePESejLdfaEFMRpsYGVjb4Bh6HiiWaSU8iJRVE46EirNBT',
  'tpubD6NzVbkrYhZ4XKeuSHwv2p3snJxWjacFsu2rEEht2qMaM5FYV2RkbMaJEYNZGK7B3i8D46RTs83DJNPh2Jd5MzXivXCiHLbqAFKv8MKxrC4',
  'm/44/{coinType}/{biz}/{userId}/{index}'
);

INSERT INTO btc_address (
  id, user_id, address, network, script_type, redeem_script, witness_script,
  derivation_path, public_keys, balance, biz, nonce, index, status
) VALUES (
  1,
  0,
  'tb1qq293kx3yfs8nlf0uhcr95djscj5rgj6l7ym94r5ke7w5dzhtypuqpprlev',
  'testnet3',
  'P2WSH',
  '',
  '5221029087e7293ac187c98703f91f424b5a90c8b7a1d4306a6b5a0fad5e5268d5c5252103c9262396e302a9f628ab1f37aef83e3a180374048e8c7abe2d70c9a02e3dd5062103fd70f6fa39d8bb618d962b8a29e0b976b546acb3f7e3d7b04d7d7fcad420cc3453ae',
  'm/44/1/0/0/0',
  '029087e7293ac187c98703f91f424b5a90c8b7a1d4306a6b5a0fad5e5268d5c525,03c9262396e302a9f628ab1f37aef83e3a180374048e8c7abe2d70c9a02e3dd506,03fd70f6fa39d8bb618d962b8a29e0b976b546acb3f7e3d7b04d7d7fcad420cc34',
  0,
  0,
  0,
  0,
  0
);

INSERT INTO system_param (param_key, param_value, remark) VALUES
  ('wallet.network', 'testnet3', 'BTC testnet only'),
  ('wallet.script_type', 'P2WSH', 'Native SegWit 2-of-3 multisig'),
  ('wallet.deposit_confirmations', '1', 'Minimum confirmations before crediting user asset'),
  ('wallet.withdraw_confirmations', '6', 'Target confirmations for withdrawal state tracking'),
  ('wallet.fee_rate_sat_vb', '10', 'Default fee rate in sat/vB'),
  ('wallet.scan_start_height', '0', 'Initial scan height');

SELECT setval(pg_get_serial_sequence('best_block_height', 'id'), 4, true);
SELECT setval(pg_get_serial_sequence('currency_balance', 'id'), 4, true);
SELECT setval(pg_get_serial_sequence('btc_address', 'id'), 1, true);
SELECT setval(pg_get_serial_sequence('wallet_multisig_config', 'id'), 4, true);
SELECT setval(pg_get_serial_sequence('system_param', 'id'), 6, true);

DO $$
BEGIN
  IF EXISTS (SELECT 1 FROM pg_roles WHERE rolname = 'wallet') THEN
    ALTER TABLE best_block_height OWNER TO wallet;
    ALTER TABLE currency_balance OWNER TO wallet;
    ALTER TABLE btc_address OWNER TO wallet;
    ALTER TABLE btc_withdraw_record OWNER TO wallet;
    ALTER TABLE ltc_address OWNER TO wallet;
    ALTER TABLE ltc_withdraw_record OWNER TO wallet;
    ALTER TABLE doge_address OWNER TO wallet;
    ALTER TABLE doge_withdraw_record OWNER TO wallet;
    ALTER TABLE bch_address OWNER TO wallet;
    ALTER TABLE bch_withdraw_record OWNER TO wallet;
    ALTER TABLE user_asset OWNER TO wallet;
    ALTER TABLE system_param OWNER TO wallet;
    ALTER TABLE wallet_multisig_config OWNER TO wallet;
    ALTER TABLE chain_asset OWNER TO wallet;
    ALTER TABLE chain_profile OWNER TO wallet;
    ALTER TABLE chain_scan_height OWNER TO wallet;
    ALTER TABLE hot_wallet_address OWNER TO wallet;
    ALTER TABLE deposit_record OWNER TO wallet;
    ALTER TABLE withdrawal_order OWNER TO wallet;
    ALTER TABLE collection_record OWNER TO wallet;
    ALTER TABLE chain_signing_transaction OWNER TO wallet;
    ALTER TABLE ledger_balance OWNER TO wallet;
    ALTER TABLE utxo_record OWNER TO wallet;
    GRANT ALL PRIVILEGES ON ALL TABLES IN SCHEMA public TO wallet;
    GRANT ALL PRIVILEGES ON ALL SEQUENCES IN SCHEMA public TO wallet;
  END IF;
END $$;

COMMIT;
